{"frames": [

{
	"filename": "aqua.png",
	"frame": {"x":0,"y":0,"w":264,"h":264},
	"rotated": false,
	"trimmed": false,
	"spriteSourceSize": {"x":0,"y":0,"w":264,"h":264},
	"sourceSize": {"w":264,"h":264}
},
{
	"filename": "aquamarine.png",
	"frame": {"x":264,"y":0,"w":264,"h":264},
	"rotated": false,
	"trimmed": false,
	"spriteSourceSize": {"x":0,"y":0,"w":264,"h":264},
	"sourceSize": {"w":264,"h":264}
},
{
	"filename": "beige.png",
	"frame": {"x":528,"y":0,"w":264,"h":264},
	"rotated": false,
	"trimmed": false,
	"spriteSourceSize": {"x":0,"y":0,"w":264,"h":264},
	"sourceSize": {"w":264,"h":264}
},
{
	"filename": "black.png",
	"frame": {"x":792,"y":0,"w":264,"h":264},
	"rotated": false,
	"trimmed": false,
	"spriteSourceSize": {"x":0,"y":0,"w":264,"h":264},
	"sourceSize": {"w":264,"h":264}
},
{
	"filename": "blue.png",
	"frame": {"x":1056,"y":0,"w":264,"h":264},
	"rotated": false,
	"trimmed": false,
	"spriteSourceSize": {"x":0,"y":0,"w":264,"h":264},
	"sourceSize": {"w":264,"h":264}
},
{
	"filename": "blueviolet.png",
	"frame": {"x":1320,"y":0,"w":264,"h":264},
	"rotated": false,
	"trimmed": false,
	"spriteSourceSize": {"x":0,"y":0,"w":264,"h":264},
	"sourceSize": {"w":264,"h":264}
},
{
	"filename": "brown.png",
	"frame": {"x":1584,"y":0,"w":264,"h":264},
	"rotated": false,
	"trimmed": false,
	"spriteSourceSize": {"x":0,"y":0,"w":264,"h":264},
	"sourceSize": {"w":264,"h":264}
},
{
	"filename": "chocolate.png",
	"frame": {"x":0,"y":264,"w":264,"h":264},
	"rotated": false,
	"trimmed": false,
	"spriteSourceSize": {"x":0,"y":0,"w":264,"h":264},
	"sourceSize": {"w":264,"h":264}
},
{
	"filename": "coral.png",
	"frame": {"x":264,"y":264,"w":264,"h":264},
	"rotated": false,
	"trimmed": false,
	"spriteSourceSize": {"x":0,"y":0,"w":264,"h":264},
	"sourceSize": {"w":264,"h":264}
},
{
	"filename": "cornflowerblue.png",
	"frame": {"x":528,"y":264,"w":264,"h":264},
	"rotated": false,
	"trimmed": false,
	"spriteSourceSize": {"x":0,"y":0,"w":264,"h":264},
	"sourceSize": {"w":264,"h":264}
},
{
	"filename": "crimson.png",
	"frame": {"x":792,"y":264,"w":264,"h":264},
	"rotated": false,
	"trimmed": false,
	"spriteSourceSize": {"x":0,"y":0,"w":264,"h":264},
	"sourceSize": {"w":264,"h":264}
},
{
	"filename": "cyan.png",
	"frame": {"x":1056,"y":264,"w":264,"h":264},
	"rotated": false,
	"trimmed": false,
	"spriteSourceSize": {"x":0,"y":0,"w":264,"h":264},
	"sourceSize": {"w":264,"h":264}
},
{
	"filename": "darkblue.png",
	"frame": {"x":1320,"y":264,"w":264,"h":264},
	"rotated": false,
	"trimmed": false,
	"spriteSourceSize": {"x":0,"y":0,"w":264,"h":264},
	"sourceSize": {"w":264,"h":264}
},
{
	"filename": "darkgreen.png",
	"frame": {"x":1584,"y":264,"w":264,"h":264},
	"rotated": false,
	"trimmed": false,
	"spriteSourceSize": {"x":0,"y":0,"w":264,"h":264},
	"sourceSize": {"w":264,"h":264}
},
{
	"filename": "darkorange.png",
	"frame": {"x":0,"y":528,"w":264,"h":264},
	"rotated": false,
	"trimmed": false,
	"spriteSourceSize": {"x":0,"y":0,"w":264,"h":264},
	"sourceSize": {"w":264,"h":264}
},
{
	"filename": "dimgrey.png",
	"frame": {"x":264,"y":528,"w":264,"h":264},
	"rotated": false,
	"trimmed": false,
	"spriteSourceSize": {"x":0,"y":0,"w":264,"h":264},
	"sourceSize": {"w":264,"h":264}
},
{
	"filename": "green.png",
	"frame": {"x":528,"y":528,"w":264,"h":264},
	"rotated": false,
	"trimmed": false,
	"spriteSourceSize": {"x":0,"y":0,"w":264,"h":264},
	"sourceSize": {"w":264,"h":264}
},
{
	"filename": "ivory.png",
	"frame": {"x":792,"y":528,"w":264,"h":264},
	"rotated": false,
	"trimmed": false,
	"spriteSourceSize": {"x":0,"y":0,"w":264,"h":264},
	"sourceSize": {"w":264,"h":264}
},
{
	"filename": "lightblue.png",
	"frame": {"x":1056,"y":528,"w":264,"h":264},
	"rotated": false,
	"trimmed": false,
	"spriteSourceSize": {"x":0,"y":0,"w":264,"h":264},
	"sourceSize": {"w":264,"h":264}
},
{
	"filename": "lightgray.png",
	"frame": {"x":1320,"y":528,"w":264,"h":264},
	"rotated": false,
	"trimmed": false,
	"spriteSourceSize": {"x":0,"y":0,"w":264,"h":264},
	"sourceSize": {"w":264,"h":264}
},
{
	"filename": "orange.png",
	"frame": {"x":1584,"y":528,"w":264,"h":264},
	"rotated": false,
	"trimmed": false,
	"spriteSourceSize": {"x":0,"y":0,"w":264,"h":264},
	"sourceSize": {"w":264,"h":264}
},
{
	"filename": "orangered.png",
	"frame": {"x":0,"y":792,"w":264,"h":264},
	"rotated": false,
	"trimmed": false,
	"spriteSourceSize": {"x":0,"y":0,"w":264,"h":264},
	"sourceSize": {"w":264,"h":264}
},
{
	"filename": "purple.png",
	"frame": {"x":264,"y":792,"w":264,"h":264},
	"rotated": false,
	"trimmed": false,
	"spriteSourceSize": {"x":0,"y":0,"w":264,"h":264},
	"sourceSize": {"w":264,"h":264}
},
{
	"filename": "red.png",
	"frame": {"x":528,"y":792,"w":264,"h":264},
	"rotated": false,
	"trimmed": false,
	"spriteSourceSize": {"x":0,"y":0,"w":264,"h":264},
	"sourceSize": {"w":264,"h":264}
},
{
	"filename": "teal.png",
	"frame": {"x":792,"y":792,"w":264,"h":264},
	"rotated": false,
	"trimmed": false,
	"spriteSourceSize": {"x":0,"y":0,"w":264,"h":264},
	"sourceSize": {"w":264,"h":264}
},
{
	"filename": "turquoise.png",
	"frame": {"x":1056,"y":792,"w":264,"h":264},
	"rotated": false,
	"trimmed": false,
	"spriteSourceSize": {"x":0,"y":0,"w":264,"h":264},
	"sourceSize": {"w":264,"h":264}
},
{
	"filename": "white.png",
	"frame": {"x":1320,"y":792,"w":264,"h":264},
	"rotated": false,
	"trimmed": false,
	"spriteSourceSize": {"x":0,"y":0,"w":264,"h":264},
	"sourceSize": {"w":264,"h":264}
},
{
	"filename": "yellow.png",
	"frame": {"x":1584,"y":792,"w":264,"h":264},
	"rotated": false,
	"trimmed": false,
	"spriteSourceSize": {"x":0,"y":0,"w":264,"h":264},
	"sourceSize": {"w":264,"h":264}
}],
"meta": {
	"app": "https://www.codeandweb.com/texturepacker",
	"version": "1.0",
	"image": "colortiles.png",
	"format": "RGBA8888",
	"size": {"w":1848,"h":1056},
	"scale": "1",
	"smartupdate": "$TexturePacker:SmartUpdate:52b00d7d091b084365e705986054b3da:6e23a407a57817c9e7eedd68e1d2c420:76a249431ae82685e78277c252e06348$"
}
}
